{"vehicle": {"box": [527, 370, 3060, 2391], "conf": 0.9492782950401306, "cls": "car", "color": [132, 248, 207]}, "lp": {"box": [1041, 1699, 1591, 2003], "conf": 0.8449822664260864, "cls": "number-plate", "color": [111, 71, 144], "number": "YAB959JY", "number_conf": 0.9226479455828667}}