{
    "vehicles": [
        {
            "box": [
                68,
                7,
                520,
                373
            ],
            "conf": 0.9305874109268188,
            "label": "car",
            "plates": [
                {
                    "box": [
                        195,
                        187,
                        294,
                        246
                    ],
                    "conf": 0.7685942649841309,
                    "number": "YAB959JY"
                }
            ]
        }
    ]
}