{
    "vehicles": [
        {
            "box": [
                69,
                15,
                510,
                432
            ],
            "conf": 0.9198125600814819,
            "label": "car",
            "plates": [
                {
                    "box": [
                        165,
                        300,
                        264,
                        352
                    ],
                    "conf": 0.7367656826972961,
                    "number": "R0136969ENW"
                }
            ]
        }
    ]
}