{
    "vehicles": [
        {
            "box": [
                493,
                339,
                3061,
                2541
            ],
            "conf": 0.8829700946807861,
            "label": "car",
            "plates": [
                {
                    "box": [
                        1068,
                        1724,
                        1629,
                        2030
                    ],
                    "conf": 0.7725784182548523,
                    "number": "YAB959JY"
                }
            ]
        }
    ]
}