{
    "vehicles": [
        {
            "box": [
                78,
                53,
                482,
                399
            ],
            "conf": 0.9214268922805786,
            "label": "car",
            "plates": [
                {
                    "box": [
                        166,
                        269,
                        256,
                        324
                    ],
                    "conf": 0.947943925857544,
                    "number": "YAB9569Y"
                }
            ]
        }
    ]
}