{
    "vehicles": [
        {
            "box": [
                21,
                11,
                572,
                468
            ],
            "conf": 0.9296882152557373,
            "label": "car",
            "plates": [
                {
                    "box": [
                        211,
                        217,
                        335,
                        286
                    ],
                    "conf": 0.8550354242324829,
                    "number": "ABC230RP"
                }
            ]
        }
    ]
}